{"cameraMode":{"drawMode":0,"name":"Shaded","section":"Shading Mode"},"sceneLighting":false,"audioPlay":false,"sceneViewState":{"m_AlwaysRefresh":false,"showFog":true,"showSkybox":false,"showFlares":true,"showImageEffects":true,"showParticleSystems":true,"showVisualEffectGraphs":true,"m_FxEnabled":true},"in2DMode":false,"pivot":{"x":-1.2201762199401856,"y":-1.121935486793518,"z":-3.4071779251098635},"rotation":{"x":-0.14371179044246674,"y":0.036703016608953479,"z":-0.00533510884270072,"w":-0.9889367818832398},"size":0.24992947280406953,"orthographic":false}